"Physician_Id","Practitioner_Id","Me_Number","Dea_Number","Last_Name","First_Name","Address","City","State","Zip","Specialty_Code","Specialty_Description","Npi","Opt_Out_Ind","Opt_Out_Date","No_Contact_Flag"
"22568412","22568411","6493395003","FG1140944","GONZALEZ-AYALA","RAFAEL","1605 SOUTH 31ST STREET CENTER FOR DIAGNOSTIC MEDICINE BAYLOR SCOTT   WHITE HEALTH","TEMPLE","TX","76508","IM","INTERNAL MEDICINE","1033377676","N","1899-12-30",""
"22568442","22568441","6540100165","BN8867523","NADDAF","NAJA","806 S DOUGLAS RD STE 820","MIAMI","FL","33134","IM","INTERNAL MEDICINE","1255315875","N","1899-12-30",""
"22568815","28232880","7590198007","BK8855453","KULIKOWSKI","PIOTR","6400 CLAYTON RD STE 303","SAINT LOUIS","MO","63117","IM","INTERNAL MEDICINE","1053388678","N","1899-12-30",""
"22569083","49972908","9135789001","FR7277280","ROLFE","NATALI","1044 BELMONT AVE","YOUNGSTOWN","OH","44504","IM","INTERNAL MEDICINE","1275524654","N","1899-12-30",""
"22569139","31288896","9150388027","BE9639925","ELSHAFEI","ASHRAF","420 64TH ST","BROOKLYN","NY","11220","P","PSYCHIATRY","1083816755","N","1899-12-30",""
"22700305","4075720","7041687055","BM4994655","AHMED","STEVE","1700 W FM 700","BIG SPRING","TX","79720","PD","PEDIATRICS","1730149618","N","1899-12-30",""
"22705010","39285557","A101005920","MH2103113","HULL","CHRISTINA","18 E LAUREL RD","STRATFORD","NJ","08084","ORS","ORTHOPEDIC SURGERY","1285961417","N","1899-12-30",""
"22705072","22705071","A101009300","MS1435381","STOUGH","CHAD","915 THORNTON RD","LITHIA SPRINGS","GA","30122","PD","PEDIATRICS","1548570120","N","1899-12-30",""
"22711080","39209583","0000140675","FH6678138","HOVER","MARA","103 MEDICINE WAY RD","PERIDOT","AZ","85542","PD","PEDIATRICS","1861673501","N","1899-12-30",""
"22712156","1697408","0384148057","AS1957692","COLBURN","JANE","5 OLD RD","WESTFORD","MA","01886","IM","INTERNAL MEDICINE","","N","1899-12-30",""
"22731531","22731530","XFA5875793","FA5875793","ALMQUIST","MELISSA","20922 ENCINO COMONS ENCINO PARK VETERINARY CLINIC","SAN ANTONIO","TX","78259","VET","VETERINARIAN","","N","1899-12-30",""
"22737995","22737994","R152351363","MC0766913","CREADEN","JULIE","225 E CHICAGO AVE OFC","CHICAGO","IL","60611","PD","PEDIATRICS","1861429680","N","1899-12-30",""
"22741298","24585150","N001243971","ME0902862","EMERY","ARLENE","87 COBBOSSEE AVE","GARDINER","ME","04345","P","PSYCHIATRY","1669546644","N","1899-12-30",""
"22807536","37557034","R000197264","MC0958845","WEDDLE","ANDREA","1097 WESTON DR STE B MT JULIET HEALTH WELLNESS MT. JULIET HEALTH WELLNESS","MOUNT JULIET","TN","37122","NMW","NURSE MIDWIFE","1376598011","N","1899-12-30",""
"22827501","18840647","XFH0084436","FH0084436","HEEZEN","JASON","201 E NORWAY AVE SAFEHAVEN SMALL ANIMAL HOSPITAL","MITCHELL","SD","57301","VET","VETERINARIAN","","N","1899-12-30",""
"22827706","13782050","7590493005","BW7737729","WOLNY","YVONNE","2800 N SHERIDAN RD","CHICAGO","IL","60657","OBG","OBSTETRICS AND GYNECOLOGY","1710919782","N","1899-12-30",""
"22831646","32172696","0000148050","BG9961651","GOLDSICH","KATHERINE","13652 CANTARA ST BLDG 6","PANORAMA CITY","CA","91402","PD","PEDIATRICS","1225231590","N","1899-12-30",""
"22831671","37238025","0000148065","FL3119143","LOPEZ","MARK","5975 W TWAIN AVE STE B","LAS VEGAS","NV","89103","IM","INTERNAL MEDICINE","1619147220","N","1899-12-30",""
"22843548","22843547","XFH6609804","FH6609804","HEISEY","HEATHER","1518 W COLLEGE AVE","STATE COLLEGE","PA","16801","VET","VETERINARIAN","","N","1899-12-30",""
"22862369","23077495","R752359139","MG0786181","GALLAGHER","SHERRIN","55 FRUIT ST","BOSTON","MA","02114","P","PSYCHIATRY","1538204268","N","1899-12-30",""
"22863963","54611301","0051900038","FC7641360","CHAN","ALBERT","1199 DELBON AVE","TURLOCK","CA","95382","ORS","ORTHOPEDIC SURGERY","1306921705","N","1899-12-30",""
"22864816","38552098","XMB3300237","MB3300237","BARTELS","CHARLES","606 N PARROTT AVE","OKEECHOBEE","FL","34972","OPT","OPTOMETRIST","1184653768","N","1899-12-30",""
"22879543","22879542","R222357644","MF1427194","FILSON","CAROLYN","1407 YORK RD","LUTHERVILLE TIMONIUM","MD","21093","P","PSYCHIATRY","1841499449","N","1899-12-30",""
"22880236","36877264","0251210278","FP9744005","PETRIK","ERIKA","9040 JACKSON AVE ATTN: MCHJ-MOE-G MADIGAN ARMY MEDICAL CTR","TACOMA","WA","98431","GPM","GENERAL PREVENTIVE MEDICINE","1992090567","N","1899-12-30",""
"22880263","38473519","R402356381","MS3235670","SOPRANO","CHERIE","1020 S BOULDER HWY","HENDERSON","NV","89015","P","PSYCHIATRY","1295081776","N","1899-12-30",""
"22880380","33885007","R912348031","MM3329302","MILLER","KATHERINE","5920 MCINTYRE ST","GOLDEN","CO","80403","OBG","OBSTETRICS AND GYNECOLOGY","1013906585","N","1899-12-30",""
"22897478","34458783","XMC3907738","MC3907738","CHANG","TIFFANY","10680 S DE ANZA BLVD STE C","CUPERTINO","CA","95014","OPT","OPTOMETRIST","1336176080","N","1899-12-30",""
"22898197","22898196","XMH4154237","MH4154237","HSUEH","KAREN","2815 S JONES BLVD","LAS VEGAS","NV","89146","OPT","OPTOMETRIST","1083661342","N","1899-12-30",""
"22926704","49975301","4952193022","FK6916247","KIRAN","RAVI","400 KELBY ST STE 47","FORT LEE","NJ","07024","CRS","COLON AND RECTAL SURGERY","1871798330","N","1899-12-30",""
"23008914","23008913","R752394017","MV0798465","VANDER MEER","JANE","333 EAST CAMPUS MALL","MADISON","WI","53715","OBG","OBSTETRICS AND GYNECOLOGY","1609091776","N","1899-12-30",""
"23024202","56286511","0050602066","FM8399710","MENDOZA","JOANN","4500 BROCKTON AVE STE 301","RIVERSIDE","CA","92501","IM","INTERNAL MEDICINE","1114010543","N","1899-12-30",""
"23024280","29753097","0050602122","BR9215371","ROBINSON","MITCHEL","660 GOLDEN RIDGE RD STE 250","GOLDEN","CO","80401","ORS","ORTHOPEDIC SURGERY","1790822088","N","1899-12-30",""
"23024859","23024858","0051402025","BV7413987","VARGAS","MOISES","219 N INDIAN HILL BLVD STE 202B","CLAREMONT","CA","91711","P","PSYCHIATRY","1811196470","N","1899-12-30",""
"23025157","27484686","0051502054","BC8640143","CHU","CHERIE","5525 GROSSMONT CENTER DR","LA MESA","CA","91942","PD","PEDIATRICS","1386653624","N","1899-12-30",""
"23025590","38130260","0000357252","BH8133605","HO","JEFFREY","9191 WESTMINSTER AVE STE 207","GARDEN GROVE","CA","92844","IM","INTERNAL MEDICINE","1316986045","N","1899-12-30",""
"23026257","23026256","0100102001","BB9764730","BLANKS","RICHARD","611 W PARK ST","URBANA","IL","61801","P","PSYCHIATRY","1669521480","N","1899-12-30",""
"23028013","29638626","0120102152","BT9161910","TRAN","TRUNG","605 BEAVER RUIN RD NW","LILBURN","GA","30047","IM","INTERNAL MEDICINE","1932202983","N","1899-12-30",""
"23028085","28237751","0120501006","FT8151677","TRAMBLEY","JOEL","31700 TEMECULA PKWY","TEMECULA","CA","92592","IM","INTERNAL MEDICINE","1033136791","N","1899-12-30",""
"23029366","30091043","0161102069","BY9281205","YOON","PETER","2340 S HIGHLAND AVE STE 210","LOMBARD","IL","60148","IM","INTERNAL MEDICINE","1417905944","N","1899-12-30",""
"23029734","33987142","0161102310","FH0685202","HUSSAIN","NADEEM","25 N WINFIELD ROAD CENTRAL DUPAGE HOSPITAL NORTHWESTERN MEDICINE","WINFIELD","IL","60190","P","PSYCHIATRY","1427259670","N","1899-12-30",""
"23030101","33337319","0164202187","FB0368046","BARONE","STEVEN","1150 YOUNGS RD STE 202","BUFFALO","NY","14221","CRS","COLON AND RECTAL SURGERY","1447407036","N","1899-12-30",""
"23030202","30218288","0164302047","BP9341075","PETERSON","JEFFREY","180 PARK AVE","PORTLAND","ME","04102","PD","PEDIATRICS","1700811916","N","1899-12-30",""
"23031478","23612208","0190202032","BM7903431","MASON","JILL","9137 RIDGELINE BLVD STE 130 ROSE PEDIATRICS","LITTLETON","CO","80129","PD","PEDIATRICS","1326013053","N","1899-12-30",""
"23032761","29751913","0210502166","BL9206447","LENHARD","AMANDA","5230 CENTRE AVE","PITTSBURGH","PA","15232","IM","INTERNAL MEDICINE","1689642365","N","1899-12-30",""
"699339","699339","0051486079","BM3835862","MATSUNAGA","ALISON","747 52ND ST DEPT OF","OAKLAND","CA","94609","PD","PEDIATRICS","1770655078","N","1899-12-30",""
"700103","700103","0051888010","BB2099453","BUEHNING","LAURA","4015 CARMEL VIEW RD UNIT 184","SAN DIEGO","CA","92130","GPM","GENERAL PREVENTIVE MEDICINE","1144593989","N","1899-12-30",""
"700170","700170","0051975069","AR2361599","ROSENBERG","MICHAEL","2510 MERIDIAN PKWY","DURHAM","NC","27713","IM","INTERNAL MEDICINE","1124138136","N","1899-12-30",""
"700319","3661237","0051989065","BN3877822","NARVERUD","ROBERT","4150 V ST SUITE 2100 UC DAVIS MEDICAL CTR LIMITED TO OFFICIAL STATE DUTIES ONLY","SACRAMENTO","CA","95817","IM","INTERNAL MEDICINE","1457335754","N","1899-12-30",""
"700653","3706196","0070287108","BS2246658","SWANSON","CAROL","7600 N LA CHOLLA BLVD","TUCSON","AZ","85741","PD","PEDIATRICS","1174576029","N","1899-12-30",""
"700828","700828","0080157067","AR4341866","RUBIN","JESSE","2750 Q ST NW","WASHINGTON","DC","20007","P","PSYCHIATRY","","N","1899-12-30",""
"705075","3176153","0161143090","AF5180079","FRAZIER","SHERVERT","115 MILL ST","BELMONT","MA","02478","P","PSYCHIATRY","1902852213","N","1899-12-30",""
"708447","708447","0200240076","","WEDDING","ERLING","203 HUDSON DR","SAULT SAINTE MARIE","MI","49783","LM","LEGAL MEDICINE","","N","1899-12-30",""
"708961","3576567","0201289058","BG2383658","GRANT","KIM","128 CHEROKEE PARK","LEXINGTON","KY","40503","P","PSYCHIATRY","1790087997","N","1899-12-30",""
"709526","709526","0210543033","AD0464406","DENTON","ROBERT","2012 COVEMONT DR SE","HUNTSVILLE","AL","35801","ORS","ORTHOPEDIC SURGERY","","N","1899-12-30",""
"709823","709823","0210588069","BG1612844","DOISE","REBECCA","175 WINDVALE CT","SUNSET","LA","70584","PD","PEDIATRICS","1902842016","N","1899-12-30",""
"710214","8768831","0230163051","BM5099076","MOCK","CHARLES","3516 MOYLAN DR","BOWIE","MD","20715","PD","PEDIATRICS","1467447292","N","1899-12-30",""
"710214","710214","0230163051","BM5099076","MOCK","CHARLES","3516 MOYLAN DR","BOWIE","MD","20715","PD","PEDIATRICS","1467447292","N","1899-12-30",""
"713670","713670","0250787144","BM4150342","MALLECK","MARJORIE","3968 N RANCHO DRIVE NORTHWEST VA CLINIC LIMITED TO OFFICIAL FEDERAL DUTIES ONLY","LAS VEGAS","NV","89130","IM","INTERNAL MEDICINE","1891805644","N","1899-12-30",""
"714134","714134","0260450068","AS3607112","STAHN","LOUIS","3146 ORCHID DR NE","SAUK RAPIDS","MN","56379","IM","INTERNAL MEDICINE","1407059827","N","1899-12-30",""
"715854","3192325","0283482054","FG9848738","GERSTNER","DAVID","3022 JACOBS CIR","KALAMAZOO","MI","49009","ORS","ORTHOPEDIC SURGERY","1801839816","N","1899-12-30",""
"715854","57646903","0283482054","FG9848738","GERSTNER","DAVID","3022 JACOBS CIR","KALAMAZOO","MI","49009","ORS","ORTHOPEDIC SURGERY","1801839816","N","1899-12-30",""
"717564","717564","0350135036","AK0650590","KOJAC","GEORGE","13015 POINT PLEASANT DR","FAIRFAX","VA","22033","AM","AEROSPACE MEDICINE","","N","1899-12-30",""
"717966","34715942","0350185080","FK1137769","KAPLAN","BRUCE","12700 E 19TH AVE MAIL STOP C281 UNIVERSITY OF COLORADO","AURORA","CO","80045","IM","INTERNAL MEDICINE","1124188263","N","1899-12-30",""
"717966","3612016","0350185080","FK1137769","KAPLAN","BRUCE","12700 E 19TH AVE MAIL STOP C281 UNIVERSITY OF COLORADO","AURORA","CO","80045","IM","INTERNAL MEDICINE","1124188263","N","1899-12-30",""
"719311","719311","0350887245","BS3532428","SACK","JEFFREY","20533 BISCAYNE BLVD STE 220","MIAMI","FL","33180","IM","INTERNAL MEDICINE","1376527481","N","1899-12-30",""
"719628","3248678","0350972053","AJ9564849","JESSUP","JOHN","6130 EXECUTIVE BLVD","ROCKVILLE","MD","20852","SO","SURGICAL ONCOLOGY","1972721009","N","1899-12-30",""
"720323","720323","0351934046","AI1719408","IMMORDINO","CHARLES","138 SPRATT AVE","STATEN ISLAND","NY","10306","OBG","OBSTETRICS AND GYNECOLOGY","","N","1899-12-30",""
"720904","3260344","0352037034","AK3516373","KRUMDIECK","NEWTON","1 SCOTCH HILL RD","CAMBRIDGE","NY","12816","IM","INTERNAL MEDICINE","","N","1899-12-30",""
"721793","3189200","0354776058","BG8094308","GREIG","FENELLA","PO BOX 1616","NEW YORK","NY","10008","PD","PEDIATRICS","1871562470","N","1899-12-30",""
"721882","721882","0354786136","BS2103353","SHENKER","ANDREW","2300 N CHILDRENS PLZ","CHICAGO","IL","60614","PD","PEDIATRICS","","N","1899-12-30",""
"722211","3626592","0360187086","FL6858077","LOWERY","WYLIE","6710 OXON HILL RD","OXON HILL","MD","20745","ORS","ORTHOPEDIC SURGERY","1518931948","N","1899-12-30",""
"722211","722211","0360187086","FL6858077","LOWERY","WYLIE","6710 OXON HILL RD","OXON HILL","MD","20745","ORS","ORTHOPEDIC SURGERY","1518931948","N","1899-12-30",""
"722901","722901","0360889052","BS1987304","SCARDO","JAMES","1215 LEE ST","CHARLOTTESVILLE","VA","22908","OBG","OBSTETRICS AND GYNECOLOGY","1639147432","N","1899-12-30",""
"723638","35543957","0384070138","FA1479484","AROND-THOMAS","JAMES","1021 N 27TH ST","LINCOLN","NE","68503","IM","INTERNAL MEDICINE","1083837645","N","1899-12-30",""
"723638","723638","0384070138","FA1479484","AROND-THOMAS","JAMES","1021 N 27TH ST","LINCOLN","NE","68503","IM","INTERNAL MEDICINE","1083837645","N","1899-12-30",""
"724727","724727","0390137041","","SMITH","PHILIP","RR 2 BOX 867","SHEPHERDSTOWN","WV","25443","IM","INTERNAL MEDICINE","","N","1899-12-30",""
"724971","724971","0390186134","BS4643967","SILVERSTEIN","ELISA","5808 W 110TH ST","LEAWOOD","KS","66211","PD","PEDIATRICS","1962439836","N","1899-12-30",""
"725153","3632743","0390189161","BL2071809","L'ECUYER","JOHN","1901 W 47TH PL STE 220","MISSION","KS","66205","P","PSYCHIATRY","1255404190","Y","2006-06-29",""
"725218","3396295","0400232044","AS0298213","SHUTTER","LILLIAN","3104 VIA SERENA S","LAGUNA WOODS","CA","92637","IM","INTERNAL MEDICINE","","N","1899-12-30",""
"725537","725537","0410125067","","MC GOOGAN","LEON","9762 LAFAYETTE PLZ","OMAHA","NE","68114","OBG","OBSTETRICS AND GYNECOLOGY","","N","1899-12-30",""
"725570","725570","0410132081","AP0106573","PHILLIPS","ROGER","1701 BIMINI DR","ORLANDO","FL","32806","P","PSYCHIATRY","","N","1899-12-30",""
"725869","3420589","0410164084","AS4055198","SCHECKLER","WILLIAM","777 S MILLS ST","MADISON","WI","53715","IM","INTERNAL MEDICINE","","N","1899-12-30",""
"725882","3426475","0410166100","AS5971913","SHAFRITZ","DAVID","4 PHEASANT RUN","LARCHMONT","NY","10538","IM","INTERNAL MEDICINE","1265564686","N","1899-12-30",""
"727442","3665806","0410984225","BP0139510","PIRAINO","ANTHONY","172 DAM VIEW RD","MEDIA","PA","19063","IM","INTERNAL MEDICINE","1174963227","N","1899-12-30",""
"729563","56584462","0470585047","FI8773219","ISAACS","LINDA","172 W 77TH ST APT 1C","NEW YORK","NY","10024","IM","INTERNAL MEDICINE","1629079439","N","1899-12-30",""
"729657","729657","0470631047","","MASON","HUGH","39000 BOB HOPE DR","RANCHO MIRAGE","CA","92270","IM","INTERNAL MEDICINE","","N","1899-12-30",""
"730954","4038328","0480288123","BN2313877","NIKOPOULOS","GEORGE","4606 FM 1960 RD W STE 580","HOUSTON","TX","77069","P","PSYCHIATRY","1942422985","N","1899-12-30",""
"730954","730954","0480288123","BN2313877","NIKOPOULOS","GEORGE","4606 FM 1960 RD W STE 580","HOUSTON","TX","77069","P","PSYCHIATRY","1942422985","N","1899-12-30",""
"732347","18847497","0481580034","BN8426911","NORTH","PAMELA","3570 LEXINGTON AVE N STE 301","SAINT PAUL","MN","55126","P","PSYCHIATRY","1053551796","N","1899-12-30",""
"732459","732459","0481589039","BH2372770","HANRETTA","ALLAN","5401 73RD ST","LUBBOCK","TX","79424","P","PSYCHIATRY","1487074472","N","1899-12-30",""
"734502","3440532","0560571093","AS9173977","SZUMOWSKI","ANDREW","444 MONTGOMERY ST","CHICOPEE","MA","01020","IM","INTERNAL MEDICINE","1376506790","N","1899-12-30",""
"735747","735747","0670184071","","ROTH","NATHAN","18 TUDOR GATE","NEW YORK","NY","10065","OBG","OBSTETRICS AND GYNECOLOGY","","N","1899-12-30",""
"736204","19958684","1870182001","FL3866324","PAIXAO","JULIO","7 BRATTLE RD","SYRACUSE","NY","13203","P","PSYCHIATRY","1770516213","N","1899-12-30",""
"737847","737847","4180273002","AL8620836","LOVINGER","ELEANOR","200 E 33RD ST APT 11I","NEW YORK","NY","10016","P","PSYCHIATRY","","N","1899-12-30",""
"739373","3548690","4958979010","BD2132520","DALVI","HEMLATA","372 S OYSTER BAY RD","HICKSVILLE","NY","11801","P","PSYCHIATRY","1063529907","N","1899-12-30",""
"739428","739428","4960480004","BM1702732","MEHTA","ANIL","4235 SECOR RD","TOLEDO","OH","43623","IM","INTERNAL MEDICINE","1700885092","N","1899-12-30",""
"740521","3259379","5830868017","AK3112694","KIM","SUNG","19 BROOKS XING","WEST BOYLSTON","MA","01583","PD","PEDIATRICS","","N","1899-12-30",""
"740521","740521","5830868017","AK3112694","KIM","SUNG","19 BROOKS XING","WEST BOYLSTON","MA","01583","PD","PEDIATRICS","","N","1899-12-30",""
"742928","3515852","8470382002","BB2410164","BLANCO-SIBILA","AIXA","6117 ELM ST","OMAHA","NE","68106","P","PSYCHIATRY","","N","1899-12-30",""
"744429","24692113","0110381084","BW8148694","WEBBERHUNT","PATSY","2110 W 38TH ST","INDIANAPOLIS","IN","46228","OBG","OBSTETRICS AND GYNECOLOGY","","N","1899-12-30",""
"747546","2513301","0330695033","BC8019071","CUFFY","MARGARET","205 BENTLEY HILL DR","REISTERSTOWN","MD","21136","IM","INTERNAL MEDICINE","1609831692","N","1899-12-30",""
"763831","763831","0260488022","BC2773047","CANTY","LEANN","1611 CAMBRIDGE ST","CAMBRIDGE","MA","02138","IM","INTERNAL MEDICINE","1205807781","N","1899-12-30",""
"764203","3687838","0354690121","BR2971528","REICHMAN","EDWARD","111 E 210TH STREET EMERGENCY DEPT MONTEFIORE MEDICAL CTR","BRONX","NY","10467","IM","INTERNAL MEDICINE","1316077282","N","1899-12-30",""
"765436","765436","5831077009","BH2819944","HUR","SEUNG","1208 DRIVING PARK AVE","NEWARK","NY","14513","IM","INTERNAL MEDICINE","1992773329","N","1899-12-30",""
"31559525","36305130","0240706020","FP1899650","PATRON","MARK","4999 E KENTUCKY AVE STE 200","DENVER","CO","80246","OPH","OPHTHALMOLOGY","1215134176","N","1899-12-30",""
"31549378","37843149","0050206110","FD0627224","DALMON","CYRIL","80 MAHALANI ST","WAILUKU","HI","96793","OPH","OPHTHALMOLOGY","1487819579","N","1899-12-30",""
"29845089","35204286","0354605160","FJ2893798","JONISCH","JONATHAN","600 NORTHERN BLVD STE 216","GREAT NECK","NY","11021","OPH","OPHTHALMOLOGY","1467613216","N","1899-12-30",""
"29768920","29768919","0251205063","FA2092740","ATHAPPILLY","GEETHA","31 MALL RD","BURLINGTON","MA","01805","OPH","OPHTHALMOLOGY","1730235318","N","1899-12-30",""
"27846649","35736055","0384404071","FR1618593","REDDY","DEEPA","618 PLEASANTVILLE RD STE 204","LANCASTER","OH","43130","OPH","OPHTHALMOLOGY","1699940452","N","1899-12-30",""
"27838110","27838109","0260404139","BM9544164","MELLEMA","PETER","6533 DREW AVE S","MINNEAPOLIS","MN","55435","OPH","OPHTHALMOLOGY","1578755872","N","1899-12-30",""
"26373516","34452057","0140103044","FM0767408","HICKMAN","M","1429 OREAD WEST ST","LAWRENCE","KS","66049","OPH","OPHTHALMOLOGY","1114953965","N","1899-12-30",""
"26367824","26367823","0010203028","FA6930083","ALLISON","SEAN","6190 N DAVIS HWY","PENSACOLA","FL","32504","OPH","OPHTHALMOLOGY","1467621524","N","1899-12-30",""
"23048644","32084959","0480402025","FZ7362748","ZHANG","GRACE","1165 MONTGOMERY DR","SANTA ROSA","CA","95405","OPH","OPHTHALMOLOGY","1679501670","N","1899-12-30",""
"23032242","23032241","0210102041","BB8692318","BROWN","TARA","5102 WINDSOR DR","SAN DIEGO","CA","92109","OPH","OPHTHALMOLOGY","1356430797","N","1899-12-30",""
"20525634","50206488","0560501046","FE7322047","EDGINGTON","BRYAN","19801 SW 72ND AVE STE 150","TUALATIN","OR","97062","OPH","OPHTHALMOLOGY","1699748020","N","1899-12-30",""
"17120230","17120229","0550100047","FH0645335","HINKLE","DAVID","131 S ROBERTSON ST","NEW ORLEANS","LA","70112","OPH","OPHTHALMOLOGY","1760477624","Y","2008-06-12",""
"17094735","17094734","0351500059","BM8637514","MANGO","CHARLES","915 PALMER RD","BRONXVILLE","NY","10708","OPH","OPHTHALMOLOGY","1528025129","N","1899-12-30",""
"17092891","28230872","0330600084","BG7413088","GERSHENBAUM","ERIC","509 STILLWELLS CORNER RD STE E5","FREEHOLD","NJ","07728","OPH","OPHTHALMOLOGY","1548227309","N","1899-12-30",""
"14121766","14121765","0250799130","BT8311538","THOMAS","VICTOR","790 CONCOURSE PKWY S STE 200","MAITLAND","FL","32751","OPH","OPHTHALMOLOGY","1730127572","Y","2007-12-06",""
"9325345","9325344","0354697159","BL7253191","LI","X","3916 PRINCE ST STE M51","FLUSHING","NY","11354","OPH","OPHTHALMOLOGY","1952389355","N","1899-12-30",""
"9296416","29752057","0110297135","BM7680285","MOTLEY","WILLIAM","3333 BURNET AVE # 4008","CINCINNATI","OH","45229","OPH","OPHTHALMOLOGY","1316983505","N","1899-12-30",""
"9296416","9296415","0110297135","BM7680285","MOTLEY","WILLIAM","3333 BURNET AVE # 4008","CINCINNATI","OH","45229","OPH","OPHTHALMOLOGY","1316983505","N","1899-12-30",""
"7919381","37688901","A100109067","MK1576024","KO","NANCY","650 E MAIN ST","BAY SHORE","NY","11706","OPH","OPHTHALMOLOGY","1710196662","N","1899-12-30",""
"2517067","2517067","0550195247","BP7665803","PIRACHA","ASIM","1305 WALL ST STE 200","JEFFERSONVILLE","IN","47130","OPH","OPHTHALMOLOGY","1497756852","N","1899-12-30",""
"1920037","1920037","0351594123","BS5694042","SCHWARTZ","BRUCE","707 N MICHIGAN ST STE 210","SOUTH BEND","IN","46601","OPH","OPHTHALMOLOGY","1497730261","N","1899-12-30",""
"1913556","1913556","0050294057","BK5132446","KUO","IRENE","DEPT OF OPHTHOLOPOLOGY + DEPT OF OPHTHOLOPOLOGY","LOS ANGELES","CA","90033","OPH","OPHTHALMOLOGY","1396783353","Y","2013-05-23",""
"1772848","15699371","0650188027","FC5767922","CHANG","TOM","1310 W STEWART DR STE 310","ORANGE","CA","92868","OPH","OPHTHALMOLOGY","1609848969","N","1899-12-30",""
"1729728","8257084","0240791177","BF4953091","FIGUEROA","FRANCIS","975 PONTIAC AVE","CRANSTON","RI","02920","OPH","OPHTHALMOLOGY","1073612156","N","1899-12-30",""
"1725877","20908446","0481490173","BT2874116","TAYLOR","ROBERT","3575 PECOS MCLEOD SHEPHERD EYE CTR","LAS VEGAS","NV","89121","OPH","OPHTHALMOLOGY","1154374577","Y","2008-08-14",""
"1725877","31292913","0481490173","BT2874116","TAYLOR","ROBERT","3575 PECOS MCLEOD SHEPHERD EYE CTR","LAS VEGAS","NV","89121","OPH","OPHTHALMOLOGY","1154374577","Y","2008-08-14",""
"1725150","4449009","0351589063","BH4775992","HORN","JEFFREY","4230 HARDING PIKE STE G6","NASHVILLE","TN","37205","OPH","OPHTHALMOLOGY","1134210149","N","1899-12-30",""
"1689834","1689834","0240189224","BM1922980","MAI","CHRISTOPHER","98-1247 KAAHUMANU ST STE 310","AIEA","HI","96701","OPH","OPHTHALMOLOGY","1083728844","N","1899-12-30",""
"1689834","3827672","0240189224","BM1922980","MAI","CHRISTOPHER","98-1247 KAAHUMANU ST STE 310","AIEA","HI","96701","OPH","OPHTHALMOLOGY","1083728844","N","1899-12-30",""
"1680580","3630406","0180391081","BL3401988","LEHMAN","LINDA","PO BOX 3014","AMES","IA","50010","OPH","OPHTHALMOLOGY","1194715896","N","1899-12-30",""
"1659563","9859224","0240193086","BH5412616","HYVER","SCOTT","2901 TASMAN DR STE 208","SANTA CLARA","CA","95054","OPH","OPHTHALMOLOGY","1164540167","N","1899-12-30",""
"1654945","27221032","0050693165","BC5687073","CHAO","LAWRENCE","2500 ALTON PKWY STE 102","IRVINE","CA","92606","OPH","OPHTHALMOLOGY","1700812997","N","1899-12-30",""
"1640553","1640553","0210192140","BW5326942","WONG","RICHARD","255 E WEBER AVE","STOCKTON","CA","95202","OPH","OPHTHALMOLOGY","1427138619","N","1899-12-30",""
"1626802","3653274","0120191067","BM6145189","MEHAFFEY","MARY","2015 N MAIN ST","WHEATON","IL","60187","OPH","OPHTHALMOLOGY","1649269580","N","1899-12-30",""
"1624931","1624931","0560693100","BL4208155","LOUSHIN","GERALD","8401 GOLDEN VALLEY RD STE 330","MINNEAPOLIS","MN","55427","OPH","OPHTHALMOLOGY","1063490928","N","1899-12-30",""
"1623447","1623447","0180336074","","STEPHEN","PAUL","215 COTTAGE GROVE AVE SE","CEDAR RAPIDS","IA","52403","OPH","OPHTHALMOLOGY","","N","1899-12-30",""
"1601104","1601104","0354693119","BP5424089","POLONSKI","LYNN","3925 E FORT LOWELL RD STE 100","TUCSON","AZ","85712","OPH","OPHTHALMOLOGY","1871674507","N","1899-12-30",""
"1592475","16975463","0080192083","FS1138418","SUNER","IVAN","602 S MACDILL AVE","TAMPA","FL","33609","OPH","OPHTHALMOLOGY","1164522793","N","1899-12-30",""
"1592475","1592475","0080192083","FS1138418","SUNER","IVAN","602 S MACDILL AVE","TAMPA","FL","33609","OPH","OPHTHALMOLOGY","1164522793","N","1899-12-30",""
"836555","836555","0350990043","BD2906494","DAVIDIAN","MARY","140 EXECUTIVE DR","NEW WINDSOR","NY","12553","OPH","OPHTHALMOLOGY","1780683052","N","1899-12-30",""
"829171","20455669","0411484094","BW9810777","WARD","THOMAS","499 FARMINGTON AVE","FARMINGTON","CT","06032","OPH","OPHTHALMOLOGY","1952340606","N","1899-12-30",""
"829171","31928364","0411484094","BW9810777","WARD","THOMAS","499 FARMINGTON AVE","FARMINGTON","CT","06032","OPH","OPHTHALMOLOGY","1952340606","N","1899-12-30",""
"811467","811467","0410288141","BO3179101","O'CONNOR","STEFAN","2055 LIMESTONE RD STE 103","WILMINGTON","DE","19808","OPH","OPHTHALMOLOGY","1023089489","N","1899-12-30",""
"809912","809912","0354687083","FK8255475","KUSHNER","MIRIAM","40 ROBERT PITT DR","MONSEY","NY","10952","OPH","OPHTHALMOLOGY","1659740686","N","1899-12-30",""
"806410","36757541","0210189016","FC7516771","CAREY","BRIAN","115 NEW VIEW CT NE","OLYMPIA","WA","98506","OPH","OPHTHALMOLOGY","1942377502","N","1899-12-30",""
"806410","3542102","0210189016","FC7516771","CAREY","BRIAN","115 NEW VIEW CT NE","OLYMPIA","WA","98506","OPH","OPHTHALMOLOGY","1942377502","N","1899-12-30",""
"806410","38105137","0210189016","FC7516771","CAREY","BRIAN","115 NEW VIEW CT NE","OLYMPIA","WA","98506","OPH","OPHTHALMOLOGY","1942377502","N","1899-12-30",""
"782123","782123","A100032959","ML0971475","LINDGREN","JON","65 S MARIO CAPECCHI DR","SALT LAKE CITY","UT","84132","OPH","OPHTHALMOLOGY","1558562538","N","1899-12-30",""
"733352","733352","0510438008","","BRYCE","EDWIN","5406 NEW KENT RD","RICHMOND","VA","23225","OPH","OPHTHALMOLOGY","","N","1899-12-30",""
"727975","727975","0411337055","AL2538138","LARGE","OCTAVUS","PO BOX 315","OXFORD","MD","21654","OPH","OPHTHALMOLOGY","","N","1899-12-30",""
"727975","3280237","0411337055","AL2538138","LARGE","OCTAVUS","PO BOX 315","OXFORD","MD","21654","OPH","OPHTHALMOLOGY","","N","1899-12-30",""
"726976","39301564","0410784013","BB2128103","BLOOM","STEVEN","1935 BLUEGRASS AVE STE 200","LOUISVILLE","KY","40215","OPH","OPHTHALMOLOGY","1346224409","N","1899-12-30",""
"726069","19958928","0410187093","BL7100011","LITTZI","JACQUELINE","125 MAIN ST","NEW CANAAN","CT","06840","OPH","OPHTHALMOLOGY","1619037124","N","1899-12-30",""
"706196","706196","0164344066","AS1897074","SOZANSKI","JULIUS","542 EASTERN AVE","LYNN","MA","01902","OPH","OPHTHALMOLOGY","1265594741","N","1899-12-30",""
"705384","705384","0161178260","BS2651835","SIEVING","PAUL","4860 Y ST STE 2400 LAWRENCE J. ELLISON AMBULATORY CARE CENT","SACRAMENTO","CA","95817","OPH","OPHTHALMOLOGY","1275175788","N","1899-12-30",""
"677621","677621","8470454026","BP4730289","PICO-BAUERMEISTER","JOSE","VILLA RICA, EDIF MED HNAS + DAVILA #209","BAYAMON","PR","00959","OPH","OPHTHALMOLOGY","1174586424","N","1899-12-30",""
"674264","674264","7700162001","","CUNHA-VAZ","JOSE","1855 W TAYLOR ST","CHICAGO","IL","60612","OPH","OPHTHALMOLOGY","","N","1899-12-30",""
"628168","3271598","4954569012","AK9487489","KANAL","NIRMAL","1096 N SHENANDOAH AVE","FRONT ROYAL","VA","22630","OPH","OPHTHALMOLOGY","1245412949","N","1899-12-30",""
"584089","3576124","0560686056","BG2251091","GRAY","ROGER","2820 S WISCONSIN AVE","RICE LAKE","WI","54868","OPH","OPHTHALMOLOGY","1154323608","Y","2010-02-04",""
"571842","571842","0540462003","AA0855924","ANDERSON","WILLIAM","2770 N UNION BLVD STE 200","COLORADO SPRINGS","CO","80909","OPH","OPHTHALMOLOGY","1154373520","N","1899-12-30",""
"571842","3056144","0540462003","AA0855924","ANDERSON","WILLIAM","2770 N UNION BLVD STE 200","COLORADO SPRINGS","CO","80909","OPH","OPHTHALMOLOGY","1154373520","N","1899-12-30",""
"570785","570785","0510780013","AF2760278","FRANKEL","CARL","1800 LINGLESTOWN RD STE 200","HARRISBURG","PA","17110","OPH","OPHTHALMOLOGY","1528064383","N","1899-12-30",""
"566449","566449","0510437051","","RAIFORD","MORGAN","615 PEACHTREE ST NE","ATLANTA","GA","30308","OPH","OPHTHALMOLOGY","","N","1899-12-30",""
"562715","3601331","0500282034","FJ9679727","JACCOMA","EDWARD","3 WOODLAND RD STE 112","STONEHAM","MA","02180","OPH","OPHTHALMOLOGY","1982681367","N","1899-12-30",""
"561827","27881539","0500266052","BM8745537","MACHANIC","P","55 TIMBER LN","SOUTH BURLINGTON","VT","05403","OPH","OPHTHALMOLOGY","1285672501","N","1899-12-30",""
"554816","3094648","0481372058","AB5836412","BARIBEAU","ALAN","4025 E SOUTHCROSS BLVD STE 20","SAN ANTONIO","TX","78222","OPH","OPHTHALMOLOGY","1952301384","N","1899-12-30",""
"548041","548041","0480466035","AH2355471","HINES","MICHAEL","170 SPOON CT","YORKTOWN","VA","23693","OPH","OPHTHALMOLOGY","","N","1899-12-30",""
"548031","3179419","0480466024","AF7624201","FULLER","DWAIN","9600 N CENTRAL EXPY STE 100","DALLAS","TX","75231","OPH","OPHTHALMOLOGY","1184623639","N","1899-12-30",""
"535768","3091532","0470671120","AB4565187","BRIMI","JOHN","12791 TANGLEWOOD DR","KNOXVILLE","TN","37922","OPH","OPHTHALMOLOGY","1538291802","N","1899-12-30",""
"527139","3105415","0450174150","AB9007483","BULLOCK","JOHN","400 WESTHAMPTON STA","RICHMOND","VA","23226","OPH","OPHTHALMOLOGY","1811901846","Y","2012-05-03",""
"521624","521624","0420157001","FB0326670","BERROCAL","JOSE","150 DE DIEGON AVENUE","SAN JUAN","PR","00940","OPH","OPHTHALMOLOGY","1902880438","N","1899-12-30",""
"512082","512082","0411257021","AE0423587","ELIAS","STANTON","302 FOX CHAPEL RD","PITTSBURGH","PA","15238","OPH","OPHTHALMOLOGY","1457333601","N","1899-12-30",""
"511781","511781","0411253036","","HENRY","EDGAR","329 MEADOW LN","SEWICKLEY","PA","15143","OPH","OPHTHALMOLOGY","","N","1899-12-30",""
"511519","3462844","0411248069","AV4933772","VEY","EDWIN","532 S AIKEN AVE","PITTSBURGH","PA","15232","OPH","OPHTHALMOLOGY","","N","1899-12-30",""
"502246","502246","0410276166","AP9720067","PAUL","STUART","622 ABBOTT ST","SALINAS","CA","93901","OPH","OPHTHALMOLOGY","1063419539","N","1899-12-30",""
"502246","3370288","0410276166","AP9720067","PAUL","STUART","622 ABBOTT ST","SALINAS","CA","93901","OPH","OPHTHALMOLOGY","1063419539","N","1899-12-30",""
"500088","3371014","0410262118","AQ4954548","QUINN","FRANK","602 W UNIVERSITY AVE","URBANA","IL","61801","OPH","OPHTHALMOLOGY","","N","1899-12-30",""
"464961","464961","0360738020","","HALL","COLLINS","","HOLIDAY","FL","34691","OPH","OPHTHALMOLOGY","","N","1899-12-30",""
"456388","456388","0354676044","AF9244269","FLEMING","PETER","1725 YORK AVE APT 20H","NEW YORK","NY","10128","OPH","OPHTHALMOLOGY","","N","1899-12-30",""
"452019","452019","0352085102","BG1042237","ZIAI","NILOOFAR","19441 GOLF VISTA PLZ # PC","LEESBURG","VA","20176","OPH","OPHTHALMOLOGY","1528029261","N","1899-12-30",""
"451024","451024","0352075014","AB1629166","BOAS","RICHARD","122 SAINT JOHNS RD","WILTON","CT","06897","OPH","OPHTHALMOLOGY","","N","1899-12-30",""
"450679","20698993","0352071004","FA3581560","AVINS","LAURENCE","1301 BARCLAY BLVD","PRINCETON","NJ","08540","OPH","OPHTHALMOLOGY","1902133432","N","1899-12-30",""
"439306","439306","0350984008","AB3209384","BEGGINS","THOMAS","535 SAYBROOK RD","MIDDLETOWN","CT","06457","OPH","OPHTHALMOLOGY","1235140104","N","1899-12-30",""
"439192","439192","0350983074","BH0960941","HABERMAN","JAMES","2333 MORRIS AVE STE C103","UNION","NJ","07083","OPH","OPHTHALMOLOGY","1023019171","N","1899-12-30",""
"436700","3984652","0350966072","BJ7825699","JACOBSEN","KARL","51 MAIN ST","HYANNIS","MA","02601","OPH","OPHTHALMOLOGY","","N","1899-12-30",""
"433990","3547129","0350884042","BD1560639","DECKELBOIM","GARY","8210 WALNUT HILL LN STE 100","DALLAS","TX","75231","OPH","OPHTHALMOLOGY","1912979790","Y","2009-01-22",""
"424211","3221957","0350383047","BH4376542","HARTNETT","MARY","65 S MARIO CAPECCHI DR","SALT LAKE CITY","UT","84132","OPH","OPHTHALMOLOGY","1871507020","N","1899-12-30",""
"423749","423749","0350379020","AE2039724","ERETTO","PATRICIA","63 SHAKER RD STE 101","ALBANY","NY","12204","OPH","OPHTHALMOLOGY","1275526154","N","1899-12-30",""
"419657","3339546","0350168079","AN6070938","NICHOLSON","ROBERT","PO BOX 66","SKOWHEGAN","ME","04976","OPH","OPHTHALMOLOGY","1659481885","N","1899-12-30",""
"407872","407872","0300579147","FW0434403","WHITTED","PETER","715 HARMONY ST STE 300","COUNCIL BLUFFS","IA","51503","OPH","OPHTHALMOLOGY","1558343525","Y","2008-08-07",""
"407872","3473935","0300579147","FW0434403","WHITTED","PETER","715 HARMONY ST STE 300","COUNCIL BLUFFS","IA","51503","OPH","OPHTHALMOLOGY","1558343525","Y","2008-08-07",""
"400777","3705625","0283455093","BS2158182","SCHULTZ","FORDYCE","19720 68TH AVE W","LYNNWOOD","WA","98036","OPH","OPHTHALMOLOGY","","N","1899-12-30",""
"397724","397724","0280367070","AW9579523","WAHNON","CHARLES","40 EVERGREEN ROW","ARMONK","NY","10504","OPH","OPHTHALMOLOGY","1801166293","N","1899-12-30",""
"397336","397336","0280361025","BH7255208","HAMTIL","LAWRENCE","7701 STATE LINE RD","KANSAS CITY","MO","64114","OPH","OPHTHALMOLOGY","","N","1899-12-30",""
"395985","27486469","0280275134","BN8626028","NELSON","BRUCE","2400 32ND AVE S","FARGO","ND","58103","OPH","OPHTHALMOLOGY","1164440749","N","1899-12-30",""
